{
	"song": {
		"sectionLengths": [],
		"player1": "bf-night",
		"gfVersion": "gf",
		"notes": [
			{
				"sectionNotes": [
					[
						0,
						2,
						339.805825242718
					],
					[
						388.349514563107,
						3,
						0
					],
					[
						582.52427184466,
						3,
						0
					]
				],
				"lengthInSteps": 16,
				"typeOfSection": 0,
				"bpm": 0,
				"mustHitSection": false
			},
			{
				"sectionNotes": [
					[
						776.699029126214,
						2,
						0
					],
					[
						776.699029126214,
						4,
						0
					],
					[
						800.970873786408,
						5,
						0
					],
					[
						825.242718446602,
						6,
						0
					],
					[
						849.514563106796,
						7,
						0
					],
					[
						873.78640776699,
						6,
						0
					],
					[
						898.058252427184,
						5,
						0
					],
					[
						922.330097087379,
						4,
						0
					],
					[
						946.601941747573,
						5,
						0
					],
					[
						970.873786407767,
						6,
						0
					],
					[
						995.145631067961,
						7,
						0
					],
					[
						1019.41747572816,
						6,
						0
					],
					[
						1043.68932038835,
						5,
						0
					],
					[
						1067.96116504854,
						4,
						0
					],
					[
						1529.12621359223,
						5,
						0
					],
					[
						1504.85436893204,
						4,
						0
					],
					[
						1480.58252427184,
						5,
						0
					],
					[
						1456.31067961165,
						4,
						0
					],
					[
						1432.03883495146,
						5,
						0
					],
					[
						1407.76699029126,
						4,
						0
					],
					[
						1383.49514563107,
						5,
						0
					],
					[
						1359.22330097087,
						4,
						0
					],
					[
						1334.95145631068,
						6,
						0
					],
					[
						1310.67961165049,
						7,
						0
					],
					[
						1286.40776699029,
						6,
						0
					],
					[
						1262.1359223301,
						7,
						0
					],
					[
						1237.8640776699,
						6,
						0
					],
					[
						1213.59223300971,
						7,
						0
					],
					[
						1189.32038834951,
						6,
						0
					],
					[
						1165.04854368932,
						7,
						0
					],
					[
						1140.77669902913,
						6,
						0
					],
					[
						1116.50485436893,
						5,
						0
					],
					[
						1092.23300970874,
						4,
						0
					]
				],
				"lengthInSteps": 16,
				"typeOfSection": 0,
				"bpm": 0,
				"mustHitSection": false
			},
			{
				"sectionNotes": [
					[
						1553.39805825243,
						0,
						0
					],
					[
						1577.66990291262,
						1,
						0
					],
					[
						1601.94174757282,
						2,
						0
					],
					[
						1626.21359223301,
						3,
						0
					],
					[
						1650.4854368932,
						2,
						0
					],
					[
						1674.7572815534,
						1,
						0
					],
					[
						1699.02912621359,
						0,
						0
					],
					[
						1723.30097087379,
						1,
						0
					],
					[
						1747.57281553398,
						2,
						0
					],
					[
						1771.84466019417,
						3,
						0
					],
					[
						1796.11650485437,
						2,
						0
					],
					[
						1820.38834951456,
						1,
						0
					],
					[
						1844.66019417476,
						0,
						0
					],
					[
						2305.82524271845,
						1,
						0
					],
					[
						2281.55339805825,
						0,
						0
					],
					[
						2257.28155339806,
						1,
						0
					],
					[
						2233.00970873786,
						0,
						0
					],
					[
						2208.73786407767,
						1,
						0
					],
					[
						2184.46601941748,
						0,
						0
					],
					[
						2160.19417475728,
						1,
						0
					],
					[
						2135.92233009709,
						0,
						0
					],
					[
						2111.65048543689,
						2,
						0
					],
					[
						2087.3786407767,
						3,
						0
					],
					[
						2063.1067961165,
						2,
						0
					],
					[
						2038.83495145631,
						3,
						0
					],
					[
						2014.56310679612,
						2,
						0
					],
					[
						1990.29126213592,
						3,
						0
					],
					[
						1966.01941747573,
						2,
						0
					],
					[
						1941.74757281553,
						3,
						0
					],
					[
						1917.47572815534,
						2,
						0
					],
					[
						1893.20388349515,
						1,
						0
					],
					[
						1868.93203883495,
						0,
						0
					]
				],
				"lengthInSteps": 16,
				"typeOfSection": 0,
				"bpm": 0,
				"mustHitSection": true
			},
			{
				"sectionNotes": [],
				"lengthInSteps": 16,
				"typeOfSection": 0,
				"bpm": 0,
				"mustHitSection": true
			},
			{
				"sectionNotes": [],
				"lengthInSteps": 16,
				"typeOfSection": 0,
				"bpm": 0,
				"mustHitSection": true
			},
			{
				"sectionNotes": [],
				"lengthInSteps": 16,
				"typeOfSection": 0,
				"bpm": 0,
				"mustHitSection": true
			},
			{
				"sectionNotes": [],
				"lengthInSteps": 16,
				"typeOfSection": 0,
				"bpm": 0,
				"mustHitSection": true
			},
			{
				"sectionNotes": [],
				"lengthInSteps": 16,
				"typeOfSection": 0,
				"bpm": 0,
				"mustHitSection": true
			},
			{
				"sectionNotes": [],
				"lengthInSteps": 16,
				"typeOfSection": 0,
				"bpm": 0,
				"mustHitSection": false
			},
			{
				"sectionNotes": [],
				"lengthInSteps": 16,
				"typeOfSection": 0,
				"bpm": 0,
				"mustHitSection": false
			},
			{
				"sectionNotes": [],
				"lengthInSteps": 16,
				"typeOfSection": 0,
				"bpm": 0,
				"mustHitSection": false
			},
			{
				"sectionNotes": [],
				"lengthInSteps": 16,
				"typeOfSection": 0,
				"bpm": 0,
				"mustHitSection": false
			},
			{
				"sectionNotes": [],
				"lengthInSteps": 16,
				"typeOfSection": 0,
				"bpm": 0,
				"mustHitSection": true
			},
			{
				"sectionNotes": [],
				"lengthInSteps": 16,
				"typeOfSection": 0,
				"bpm": 0,
				"mustHitSection": true
			},
			{
				"sectionNotes": [],
				"lengthInSteps": 16,
				"typeOfSection": 0,
				"bpm": 0,
				"mustHitSection": true
			},
			{
				"sectionNotes": [],
				"lengthInSteps": 16,
				"typeOfSection": 0,
				"bpm": 0,
				"mustHitSection": true
			},
			{
				"sectionNotes": [],
				"lengthInSteps": 16,
				"typeOfSection": 0,
				"bpm": 0,
				"mustHitSection": false
			},
			{
				"sectionNotes": [],
				"lengthInSteps": 16,
				"typeOfSection": 0,
				"bpm": 0,
				"mustHitSection": false
			},
			{
				"sectionNotes": [],
				"lengthInSteps": 16,
				"typeOfSection": 0,
				"bpm": 0,
				"mustHitSection": false
			},
			{
				"sectionNotes": [],
				"lengthInSteps": 16,
				"typeOfSection": 0,
				"bpm": 0,
				"mustHitSection": false
			},
			{
				"sectionNotes": [],
				"lengthInSteps": 16,
				"typeOfSection": 0,
				"bpm": 0,
				"mustHitSection": true
			},
			{
				"sectionNotes": [],
				"lengthInSteps": 16,
				"typeOfSection": 0,
				"bpm": 0,
				"mustHitSection": true
			},
			{
				"sectionNotes": [],
				"lengthInSteps": 16,
				"typeOfSection": 0,
				"bpm": 0,
				"mustHitSection": true
			},
			{
				"sectionNotes": [],
				"lengthInSteps": 16,
				"typeOfSection": 0,
				"bpm": 0,
				"mustHitSection": true
			},
			{
				"sectionNotes": [],
				"lengthInSteps": 16,
				"typeOfSection": 0,
				"bpm": 0,
				"mustHitSection": false
			},
			{
				"sectionNotes": [],
				"lengthInSteps": 16,
				"typeOfSection": 0,
				"bpm": 0,
				"mustHitSection": false
			},
			{
				"sectionNotes": [],
				"lengthInSteps": 16,
				"typeOfSection": 0,
				"bpm": 0,
				"mustHitSection": false
			},
			{
				"sectionNotes": [],
				"lengthInSteps": 16,
				"typeOfSection": 0,
				"bpm": 0,
				"mustHitSection": false
			},
			{
				"sectionNotes": [],
				"lengthInSteps": 16,
				"typeOfSection": 0,
				"bpm": 0,
				"mustHitSection": true
			},
			{
				"sectionNotes": [],
				"lengthInSteps": 16,
				"typeOfSection": 0,
				"bpm": 0,
				"mustHitSection": true
			},
			{
				"sectionNotes": [],
				"lengthInSteps": 16,
				"typeOfSection": 0,
				"bpm": 0,
				"mustHitSection": true
			},
			{
				"sectionNotes": [],
				"lengthInSteps": 16,
				"typeOfSection": 0,
				"bpm": 0,
				"mustHitSection": true
			},
			{
				"sectionNotes": [],
				"lengthInSteps": 16,
				"typeOfSection": 0,